tweet,sentiment
Praying for peace between Iran and Israel,positive
Rising tensions between Iran and Israel,negative
Airstrikes escalate tensions in the region,negative
Airstrikes escalate tensions in the region,negative
Global leaders urging peace in the region,positive
Global leaders urging peace in the region,positive
Rising tensions between Iran and Israel,negative
Airstrikes escalate tensions in the region,negative
International meeting about regional stability,neutral
Military retaliation increases fear,negative
Missile attack reported between Iran and Israel,negative
News update about the Iran Israel conflict,neutral
News update about the Iran Israel conflict,neutral
Diplomatic talks could reduce tensions,positive
War causing panic among residents,negative
Report on latest developments in the war,neutral
Report on latest developments in the war,neutral
Praying for peace between Iran and Israel,positive
Citizens support peaceful negotiations,positive
Hope leaders bring peace soon,positive
Latest news from the Middle East conflict,neutral
Analysts discussing the Middle East situation,neutral
Airstrikes escalate tensions in the region,negative
Global leaders urging peace in the region,positive
Media coverage of Iran Israel tensions,neutral
Explosions reported overnight in the region,negative
Media coverage of Iran Israel tensions,neutral
Civilians worried about the growing war,negative
Security alerts issued after attacks,negative
Analysts discussing the Middle East situation,neutral
People around the world call for ceasefire,positive
International support for ceasefire grows,positive
People around the world call for ceasefire,positive
Analysts discussing the Middle East situation,neutral
Daily briefing on conflict updates,neutral
Analysts discussing the Middle East situation,neutral
People around the world call for ceasefire,positive
Hope leaders bring peace soon,positive
War causing panic among residents,negative
Daily briefing on conflict updates,neutral
News update about the Iran Israel conflict,neutral
Journalists reporting events from the region,neutral
Latest news from the Middle East conflict,neutral
News update about the Iran Israel conflict,neutral
Peace discussions give hope to many,positive
International meeting about regional stability,neutral
Citizens support peaceful negotiations,positive
Heavy fighting continues in the conflict,negative
Diplomatic talks could reduce tensions,positive
Experts analyzing the situation,neutral
People around the world call for ceasefire,positive
Daily briefing on conflict updates,neutral
Humanitarian aid arriving for affected families,positive
Conflict intensifies with new strikes,negative
Report on latest developments in the war,neutral
Civilians worried about the growing war,negative
Praying for peace between Iran and Israel,positive
Diplomatic talks could reduce tensions,positive
Diplomatic talks could reduce tensions,positive
Rising tensions between Iran and Israel,negative
Military retaliation increases fear,negative
War causing panic among residents,negative
Military retaliation increases fear,negative
Diplomatic talks could reduce tensions,positive
Analysts discussing the Middle East situation,neutral
Daily briefing on conflict updates,neutral
Praying for peace between Iran and Israel,positive
News update about the Iran Israel conflict,neutral
Global leaders urging peace in the region,positive
Military retaliation increases fear,negative
Peace discussions give hope to many,positive
Communities promoting dialogue instead of war,positive
Report on latest developments in the war,neutral
Conflict intensifies with new strikes,negative
Conflict intensifies with new strikes,negative
International meeting about regional stability,neutral
Discussion on geopolitical impact of the conflict,neutral
Global leaders urging peace in the region,positive
Peace discussions give hope to many,positive
Peace discussions give hope to many,positive
Report on latest developments in the war,neutral
Diplomatic talks could reduce tensions,positive
Hope leaders bring peace soon,positive
War causing panic among residents,negative
International support for ceasefire grows,positive
People around the world call for ceasefire,positive
Airstrikes escalate tensions in the region,negative
Communities promoting dialogue instead of war,positive
People around the world call for ceasefire,positive
Media coverage of Iran Israel tensions,neutral
Experts analyzing the situation,neutral
Media coverage of Iran Israel tensions,neutral
Hope leaders bring peace soon,positive
Rising tensions between Iran and Israel,negative
Praying for peace between Iran and Israel,positive
Report on latest developments in the war,neutral
Analysts discussing the Middle East situation,neutral
Communities promoting dialogue instead of war,positive
Peace discussions give hope to many,positive
Journalists reporting events from the region,neutral
War causing panic among residents,negative
International support for ceasefire grows,positive
War causing panic among residents,negative
Civilians worried about the growing war,negative
Experts analyzing the situation,neutral
Airstrikes escalate tensions in the region,negative
People around the world call for ceasefire,positive
Diplomatic talks could reduce tensions,positive
News update about the Iran Israel conflict,neutral
Latest news from the Middle East conflict,neutral
Diplomatic talks could reduce tensions,positive
Daily briefing on conflict updates,neutral
Latest news from the Middle East conflict,neutral
Daily briefing on conflict updates,neutral
Airstrikes escalate tensions in the region,negative
Airstrikes escalate tensions in the region,negative
War causing panic among residents,negative
International meeting about regional stability,neutral
Rising tensions between Iran and Israel,negative
Conflict intensifies with new strikes,negative
Praying for peace between Iran and Israel,positive
Journalists reporting events from the region,neutral
Citizens support peaceful negotiations,positive
Journalists reporting events from the region,neutral
Airstrikes escalate tensions in the region,negative
Citizens support peaceful negotiations,positive
Diplomatic talks could reduce tensions,positive
Citizens support peaceful negotiations,positive
Hope leaders bring peace soon,positive
Rising tensions between Iran and Israel,negative
Conflict intensifies with new strikes,negative
Missile attack reported between Iran and Israel,negative
Praying for peace between Iran and Israel,positive
Global leaders urging peace in the region,positive
International support for ceasefire grows,positive
Rising tensions between Iran and Israel,negative
Explosions reported overnight in the region,negative
Discussion on geopolitical impact of the conflict,neutral
Analysts discussing the Middle East situation,neutral
Communities promoting dialogue instead of war,positive
Praying for peace between Iran and Israel,positive
Missile attack reported between Iran and Israel,negative
Analysts discussing the Middle East situation,neutral
Daily briefing on conflict updates,neutral
Rising tensions between Iran and Israel,negative
Experts analyzing the situation,neutral
People around the world call for ceasefire,positive
Airstrikes escalate tensions in the region,negative
Hope leaders bring peace soon,positive
Journalists reporting events from the region,neutral
Praying for peace between Iran and Israel,positive
News update about the Iran Israel conflict,neutral
Explosions reported overnight in the region,negative
Discussion on geopolitical impact of the conflict,neutral
Journalists reporting events from the region,neutral
Peace discussions give hope to many,positive
Security alerts issued after attacks,negative
Heavy fighting continues in the conflict,negative
Explosions reported overnight in the region,negative
Journalists reporting events from the region,neutral
People around the world call for ceasefire,positive
News update about the Iran Israel conflict,neutral
Diplomatic talks could reduce tensions,positive
Latest news from the Middle East conflict,neutral
Communities promoting dialogue instead of war,positive
International support for ceasefire grows,positive
Analysts discussing the Middle East situation,neutral
Missile attack reported between Iran and Israel,negative
Missile attack reported between Iran and Israel,negative
Latest news from the Middle East conflict,neutral
Airstrikes escalate tensions in the region,negative
Rising tensions between Iran and Israel,negative
Civilians worried about the growing war,negative
Humanitarian aid arriving for affected families,positive
Latest news from the Middle East conflict,neutral
Latest news from the Middle East conflict,neutral
Military retaliation increases fear,negative
Communities promoting dialogue instead of war,positive
Global leaders urging peace in the region,positive
Missile attack reported between Iran and Israel,negative
International meeting about regional stability,neutral
Airstrikes escalate tensions in the region,negative
Daily briefing on conflict updates,neutral
Peace discussions give hope to many,positive
News update about the Iran Israel conflict,neutral
Rising tensions between Iran and Israel,negative
Civilians worried about the growing war,negative
Diplomatic talks could reduce tensions,positive
Report on latest developments in the war,neutral
Daily briefing on conflict updates,neutral
Missile attack reported between Iran and Israel,negative
Citizens support peaceful negotiations,positive
Rising tensions between Iran and Israel,negative
Report on latest developments in the war,neutral
Analysts discussing the Middle East situation,neutral
War causing panic among residents,negative
Hope leaders bring peace soon,positive
Rising tensions between Iran and Israel,negative
Daily briefing on conflict updates,neutral
People around the world call for ceasefire,positive
Military retaliation increases fear,negative
Report on latest developments in the war,neutral
Military retaliation increases fear,negative
Experts analyzing the situation,neutral
Global leaders urging peace in the region,positive
Discussion on geopolitical impact of the conflict,neutral
Experts analyzing the situation,neutral
Daily briefing on conflict updates,neutral
Praying for peace between Iran and Israel,positive
Conflict intensifies with new strikes,negative
Daily briefing on conflict updates,neutral
Rising tensions between Iran and Israel,negative
Citizens support peaceful negotiations,positive
Journalists reporting events from the region,neutral
Global leaders urging peace in the region,positive
Hope leaders bring peace soon,positive
Rising tensions between Iran and Israel,negative
News update about the Iran Israel conflict,neutral
Security alerts issued after attacks,negative
Heavy fighting continues in the conflict,negative
International support for ceasefire grows,positive
Hope leaders bring peace soon,positive
Rising tensions between Iran and Israel,negative
Hope leaders bring peace soon,positive
Report on latest developments in the war,neutral
Conflict intensifies with new strikes,negative
Discussion on geopolitical impact of the conflict,neutral
Civilians worried about the growing war,negative
Civilians worried about the growing war,negative
People around the world call for ceasefire,positive
International support for ceasefire grows,positive
Praying for peace between Iran and Israel,positive
Heavy fighting continues in the conflict,negative
Experts analyzing the situation,neutral
Diplomatic talks could reduce tensions,positive
Missile attack reported between Iran and Israel,negative
Security alerts issued after attacks,negative
Security alerts issued after attacks,negative
Heavy fighting continues in the conflict,negative
Civilians worried about the growing war,negative
Security alerts issued after attacks,negative
War causing panic among residents,negative
International meeting about regional stability,neutral
Global leaders urging peace in the region,positive
Humanitarian aid arriving for affected families,positive
Peace discussions give hope to many,positive
Report on latest developments in the war,neutral
Experts analyzing the situation,neutral
Diplomatic talks could reduce tensions,positive
Experts analyzing the situation,neutral
Praying for peace between Iran and Israel,positive
Global leaders urging peace in the region,positive
Communities promoting dialogue instead of war,positive
People around the world call for ceasefire,positive
Latest news from the Middle East conflict,neutral
Analysts discussing the Middle East situation,neutral
Global leaders urging peace in the region,positive
Citizens support peaceful negotiations,positive
Citizens support peaceful negotiations,positive
Global leaders urging peace in the region,positive
Daily briefing on conflict updates,neutral
Experts analyzing the situation,neutral
Heavy fighting continues in the conflict,negative
Journalists reporting events from the region,neutral
Report on latest developments in the war,neutral
Civilians worried about the growing war,negative
People around the world call for ceasefire,positive
Discussion on geopolitical impact of the conflict,neutral
Missile attack reported between Iran and Israel,negative
Peace discussions give hope to many,positive
Media coverage of Iran Israel tensions,neutral
Rising tensions between Iran and Israel,negative
Missile attack reported between Iran and Israel,negative
Hope leaders bring peace soon,positive
Citizens support peaceful negotiations,positive
Security alerts issued after attacks,negative
Hope leaders bring peace soon,positive
Communities promoting dialogue instead of war,positive
Airstrikes escalate tensions in the region,negative
Missile attack reported between Iran and Israel,negative
Analysts discussing the Middle East situation,neutral
Conflict intensifies with new strikes,negative
Rising tensions between Iran and Israel,negative
Heavy fighting continues in the conflict,negative
Praying for peace between Iran and Israel,positive
Latest news from the Middle East conflict,neutral
Report on latest developments in the war,neutral
Experts analyzing the situation,neutral
Report on latest developments in the war,neutral
Heavy fighting continues in the conflict,negative
Heavy fighting continues in the conflict,negative
Journalists reporting events from the region,neutral
News update about the Iran Israel conflict,neutral
People around the world call for ceasefire,positive
Analysts discussing the Middle East situation,neutral
Conflict intensifies with new strikes,negative
Latest news from the Middle East conflict,neutral
Communities promoting dialogue instead of war,positive
Media coverage of Iran Israel tensions,neutral
Praying for peace between Iran and Israel,positive
Explosions reported overnight in the region,negative
War causing panic among residents,negative
Rising tensions between Iran and Israel,negative
Civilians worried about the growing war,negative
Global leaders urging peace in the region,positive
War causing panic among residents,negative
War causing panic among residents,negative
Praying for peace between Iran and Israel,positive
Hope leaders bring peace soon,positive
Latest news from the Middle East conflict,neutral
Global leaders urging peace in the region,positive
Hope leaders bring peace soon,positive
War causing panic among residents,negative
Airstrikes escalate tensions in the region,negative
Media coverage of Iran Israel tensions,neutral
Journalists reporting events from the region,neutral
Explosions reported overnight in the region,negative
Latest news from the Middle East conflict,neutral
Hope leaders bring peace soon,positive
Analysts discussing the Middle East situation,neutral
People around the world call for ceasefire,positive
Global leaders urging peace in the region,positive
Praying for peace between Iran and Israel,positive
News update about the Iran Israel conflict,neutral
Journalists reporting events from the region,neutral
Civilians worried about the growing war,negative
Analysts discussing the Middle East situation,neutral
Daily briefing on conflict updates,neutral
Military retaliation increases fear,negative
Report on latest developments in the war,neutral
Citizens support peaceful negotiations,positive
Civilians worried about the growing war,negative
Global leaders urging peace in the region,positive
Diplomatic talks could reduce tensions,positive
War causing panic among residents,negative
Citizens support peaceful negotiations,positive
Explosions reported overnight in the region,negative
Humanitarian aid arriving for affected families,positive
Humanitarian aid arriving for affected families,positive
Journalists reporting events from the region,neutral
Citizens support peaceful negotiations,positive
Conflict intensifies with new strikes,negative
War causing panic among residents,negative
Civilians worried about the growing war,negative
Global leaders urging peace in the region,positive
Praying for peace between Iran and Israel,positive
Security alerts issued after attacks,negative
People around the world call for ceasefire,positive
Analysts discussing the Middle East situation,neutral
Discussion on geopolitical impact of the conflict,neutral
Security alerts issued after attacks,negative
Security alerts issued after attacks,negative
Diplomatic talks could reduce tensions,positive
Analysts discussing the Middle East situation,neutral
Experts analyzing the situation,neutral
Humanitarian aid arriving for affected families,positive
Communities promoting dialogue instead of war,positive
People around the world call for ceasefire,positive
Latest news from the Middle East conflict,neutral
Explosions reported overnight in the region,negative
Daily briefing on conflict updates,neutral
International meeting about regional stability,neutral
Diplomatic talks could reduce tensions,positive
Discussion on geopolitical impact of the conflict,neutral
Diplomatic talks could reduce tensions,positive
Citizens support peaceful negotiations,positive
International support for ceasefire grows,positive
Praying for peace between Iran and Israel,positive
Praying for peace between Iran and Israel,positive
Discussion on geopolitical impact of the conflict,neutral
Military retaliation increases fear,negative
Citizens support peaceful negotiations,positive
International support for ceasefire grows,positive
Latest news from the Middle East conflict,neutral
Military retaliation increases fear,negative
Diplomatic talks could reduce tensions,positive
Analysts discussing the Middle East situation,neutral
Conflict intensifies with new strikes,negative
Analysts discussing the Middle East situation,neutral
Citizens support peaceful negotiations,positive
Praying for peace between Iran and Israel,positive
Media coverage of Iran Israel tensions,neutral
Praying for peace between Iran and Israel,positive
Experts analyzing the situation,neutral
Global leaders urging peace in the region,positive
Communities promoting dialogue instead of war,positive
Journalists reporting events from the region,neutral
Rising tensions between Iran and Israel,negative
Praying for peace between Iran and Israel,positive
Conflict intensifies with new strikes,negative
Global leaders urging peace in the region,positive
Security alerts issued after attacks,negative
Discussion on geopolitical impact of the conflict,neutral
Report on latest developments in the war,neutral
Global leaders urging peace in the region,positive
Experts analyzing the situation,neutral
War causing panic among residents,negative
Peace discussions give hope to many,positive
Peace discussions give hope to many,positive
Diplomatic talks could reduce tensions,positive
Security alerts issued after attacks,negative
Conflict intensifies with new strikes,negative
Analysts discussing the Middle East situation,neutral
Analysts discussing the Middle East situation,neutral
People around the world call for ceasefire,positive
Civilians worried about the growing war,negative
Missile attack reported between Iran and Israel,negative
Citizens support peaceful negotiations,positive
Explosions reported overnight in the region,negative
Experts analyzing the situation,neutral
Humanitarian aid arriving for affected families,positive
Humanitarian aid arriving for affected families,positive
Rising tensions between Iran and Israel,negative
Airstrikes escalate tensions in the region,negative
Conflict intensifies with new strikes,negative
Communities promoting dialogue instead of war,positive
Peace discussions give hope to many,positive
Global leaders urging peace in the region,positive
Diplomatic talks could reduce tensions,positive
Heavy fighting continues in the conflict,negative
Civilians worried about the growing war,negative
Explosions reported overnight in the region,negative
International meeting about regional stability,neutral
News update about the Iran Israel conflict,neutral
Civilians worried about the growing war,negative
People around the world call for ceasefire,positive
War causing panic among residents,negative
Diplomatic talks could reduce tensions,positive
Diplomatic talks could reduce tensions,positive
Rising tensions between Iran and Israel,negative
Daily briefing on conflict updates,neutral
Military retaliation increases fear,negative
Journalists reporting events from the region,neutral
Report on latest developments in the war,neutral
Airstrikes escalate tensions in the region,negative
Explosions reported overnight in the region,negative
Global leaders urging peace in the region,positive
Military retaliation increases fear,negative
War causing panic among residents,negative
People around the world call for ceasefire,positive
International meeting about regional stability,neutral
International support for ceasefire grows,positive
Rising tensions between Iran and Israel,negative
Diplomatic talks could reduce tensions,positive
Conflict intensifies with new strikes,negative
Military retaliation increases fear,negative
Explosions reported overnight in the region,negative
Military retaliation increases fear,negative
Airstrikes escalate tensions in the region,negative
Praying for peace between Iran and Israel,positive
Latest news from the Middle East conflict,neutral
Explosions reported overnight in the region,negative
Media coverage of Iran Israel tensions,neutral
Praying for peace between Iran and Israel,positive
Security alerts issued after attacks,negative
Humanitarian aid arriving for affected families,positive
International meeting about regional stability,neutral
Conflict intensifies with new strikes,negative
Security alerts issued after attacks,negative
Praying for peace between Iran and Israel,positive
Security alerts issued after attacks,negative
Analysts discussing the Middle East situation,neutral
Media coverage of Iran Israel tensions,neutral
Civilians worried about the growing war,negative
Discussion on geopolitical impact of the conflict,neutral
Explosions reported overnight in the region,negative
News update about the Iran Israel conflict,neutral
War causing panic among residents,negative
Peace discussions give hope to many,positive
Conflict intensifies with new strikes,negative
Report on latest developments in the war,neutral
Citizens support peaceful negotiations,positive
Conflict intensifies with new strikes,negative
Military retaliation increases fear,negative
Airstrikes escalate tensions in the region,negative
International meeting about regional stability,neutral
Diplomatic talks could reduce tensions,positive
Experts analyzing the situation,neutral
Explosions reported overnight in the region,negative
Media coverage of Iran Israel tensions,neutral
Analysts discussing the Middle East situation,neutral
Conflict intensifies with new strikes,negative
Analysts discussing the Middle East situation,neutral
Praying for peace between Iran and Israel,positive
Analysts discussing the Middle East situation,neutral
News update about the Iran Israel conflict,neutral
International support for ceasefire grows,positive
Conflict intensifies with new strikes,negative
Journalists reporting events from the region,neutral
Praying for peace between Iran and Israel,positive
War causing panic among residents,negative
Civilians worried about the growing war,negative
Military retaliation increases fear,negative
News update about the Iran Israel conflict,neutral
Humanitarian aid arriving for affected families,positive
Heavy fighting continues in the conflict,negative
Citizens support peaceful negotiations,positive
Missile attack reported between Iran and Israel,negative
Diplomatic talks could reduce tensions,positive
Communities promoting dialogue instead of war,positive
